{"\n": 0, " ": 1, "!": 2, "\"": 3, "#": 4, "%": 5, "&": 6, "'": 7, "(": 8, ")": 9, "+": 10, ",": 11, "-": 12, ".": 13, "/": 14, "0": 15, "1": 16, "2": 17, "3": 18, "4": 19, "5": 20, "6": 21, "7": 22, "8": 23, "9": 24, ":": 25, "=": 26, "?": 27, "A": 28, "B": 29, "C": 30, "D": 31, "E": 32, "F": 33, "G": 34, "H": 35, "I": 36, "J": 37, "K": 38, "L": 39, "M": 40, "N": 41, "O": 42, "P": 43, "Q": 44, "R": 45, "S": 46, "T": 47, "U": 48, "V": 49, "W": 50, "X": 51, "Y": 52, "[": 53, "\\": 54, "]": 55, "^": 56, "_": 57, "a": 58, "b": 59, "c": 60, "d": 61, "e": 62, "f": 63, "g": 64, "h": 65, "i": 66, "j": 67, "k": 68, "l": 69, "m": 70, "n": 71, "o": 72, "p": 73, "q": 74, "r": 75, "s": 76, "t": 77, "u": 78, "v": 79, "w": 80, "x": 81, "y": 82, "z": 83, "|": 84, "~": 85}